Question,file_path,Agent response,Final answer,is_correct
What is the surname of the equine veterinarian mentioned in 1.E Exercises from the chemistry materials licensed by Marisa Alviar-Agnew & Henry Agnew under the CK-12 license in LibreText's Introductory Chemistry materials as compiled 08/21/2023?,,Agnew,Louvrier,0
What is the first name of the only Malko Competition recipient from the 20th Century (after 1977) whose nationality on record is a country that no longer exists?,,Dmitry,Claus,0
"What country had the least number of athletes at the 1928 Summer Olympics? If there's a tie for a number of athletes, return the first in alphabetical order. Give the IOC country code as your answer.",,"""BUL""",CUB,0
"You are a telecommunications engineer who wants to build cell phone towers on a stretch of road. In the reference file is a layout of the road and nearby houses. Each dash, ""-"", is a marker indicating a mile. Each capital H indicates a house located next to a mile marker, appearing above or below the stretch of road. Each cell phone tower can cover houses located next to the road within a 4-mile radius. Find the minimum number of cell phone towers needed to cover all houses next to the road. Your answer should be a positive numerical integer value.",/home/santiagoal/.cache/huggingface/hub/datasets--gaia-benchmark--GAIA/snapshots/897f2dfbb5c952b5c3c1509e648381f9c7b70316/2023/validation/389793a7-ca17-4e82-81cb-2b3a2391b4b9.txt,7,3,0
"Hi, I was out sick from my classes on Friday, so I'm trying to figure out what I need to study for my Calculus mid-term next week. My friend from class sent me an audio recording of Professor Willowbrook giving out the recommended reading for the test, but my headphones are broken :(

Could you please listen to the recording for me and tell me the page numbers I'm supposed to go over? I've attached a file called Homework.mp3 that has the recording. Please provide just the page numbers as a comma-delimited list. And please provide the list in ascending order.",/home/santiagoal/.cache/huggingface/hub/datasets--gaia-benchmark--GAIA/snapshots/897f2dfbb5c952b5c3c1509e648381f9c7b70316/2023/validation/1f975693-876d-457b-a649-393859e79bf3.mp3,"132, 133, 134, 197, 245","132, 133, 134, 197, 245",1
Where were the Vietnamese specimens described by Kuznetzov in Nedoshivina's 2010 paper eventually deposited? Just give me the city name without abbreviations.,,Please provide the text or content of the attached files so I can assist you further.,Saint Petersburg,0
"What was the volume in m^3 of the fish bag that was calculated in the University of Leicester paper ""Can Hiccup Supply Enough Fish to Maintain a Dragonâ€™s Diet?""",,"I currently don't have the capability to access or retrieve content from attached files. You might want to check the paper directly for the specific information regarding the volume of the fish bag. If you have any other questions or need further assistance, feel free to ask!",0.1777,0
"Under DDC 633 on Bielefeld University Library's BASE, as of 2020, from what country was the unknown language article with a flag unique from the others?",,Switzerland,Guatemala,0
"In the Scikit-Learn July 2017 changelog, what other predictor base command received a bug fix? Just give the name, not a path.",,`semi_supervised.BaseLabelPropagation`,BaseLabelPropagation,0
"On June 6, 2023, an article by Carolyn Collins Petersen was published in Universe Today. This article mentions a team that produced a paper about their observations, linked at the bottom of the article. Find this paper. Under what NASA award number was the work performed by R. G. Arendt supported by?",,The work performed by R. G. Arendt was supported by NASA award number 80NSSC21M0056.,80GSFC21M0002,0
"In Series 9, Episode 11 of Doctor Who, the Doctor is trapped inside an ever-shifting maze. What is this location called in the official script for the episode? Give the setting exactly as it appears in the first scene heading.",,"I can't access or retrieve specific files or documents. You might want to check the official script or a reliable source for the exact setting name as it appears in the first scene heading of Series 9, Episode 11 of Doctor Who.",THE CASTLE,0
".rewsna eht sa ""tfel"" drow eht fo etisoppo eht etirw ,ecnetnes siht dnatsrednu uoy fI",,"""right""",Right,1
How many slides in this PowerPoint presentation mention crustaceans?,/home/santiagoal/.cache/huggingface/hub/datasets--gaia-benchmark--GAIA/snapshots/897f2dfbb5c952b5c3c1509e648381f9c7b70316/2023/validation/a3fbeb63-0e8c-4a11-bff6-0e3b484c3e9c.pptx,"I'm unable to directly analyze PowerPoint files. Please provide the text content or a summary of the slides, and I can assist you further.",4,0
"On Cornell Law School website's legal information institute, under the fifth section of federal rules alphabetically, what word was deleted in the last amendment to the first rule in the article that has ""witnesses"" in the most titles as of 2021?",,"The last amendment to Rule 601 of the Federal Rules of Evidence was a stylistic restyling in 2011, which did not involve the deletion of any specific word.",inference,0
The attached Excel file contains the sales of menu items for a local fast-food chain. What were the total sales that the chain made from food (not including drinks)? Express your answer in USD with two decimal places.,/home/santiagoal/.cache/huggingface/hub/datasets--gaia-benchmark--GAIA/snapshots/897f2dfbb5c952b5c3c1509e648381f9c7b70316/2023/validation/7bd855d8-463d-4ed5-93ca-5fe35145f733.xlsx,"I'm unable to directly access or process Excel files. Please provide the relevant data or information from the file, and I'll be happy to assist you with your request.",89706.00,0
"You are given this Excel file as a map. You start on the START cell and move toward the END cell. You are allowed to move two cells per turn, and you may move up, down, left, or right. You may not move fewer than two cells, and you may not move backward. You must avoid moving onto any blue cells. On the eleventh turn, what is the 6-digit hex code (without prefix) of the color of the cell where you land after moving?",/home/santiagoal/.cache/huggingface/hub/datasets--gaia-benchmark--GAIA/snapshots/897f2dfbb5c952b5c3c1509e648381f9c7b70316/2023/validation/65afbc8a-89ca-4ad5-8d62-355bb401f61d.xlsx,"I currently don't have the capability to directly read or process Excel files. You can provide the relevant data or information from the Excel file, and I can assist you with the problem using that information.",F478A7,0
"In the video https://www.youtube.com/watch?v=L1vXCYZAYYM, what is the highest number of bird species to be on camera simultaneously?",,I can't access or analyze video content directly. You might want to watch the video and count the number of bird species visible at the same time.,3,0
"As a comma separated list with no whitespace, using the provided image provide all the fractions that use / as the fraction line and the answers to the sample problems. Order the list by the order in which the fractions appear.",/home/santiagoal/.cache/huggingface/hub/datasets--gaia-benchmark--GAIA/snapshots/897f2dfbb5c952b5c3c1509e648381f9c7b70316/2023/validation/9318445f-fe6a-4e1b-acbf-c68228c9906a.png,"I'm unable to view or analyze images directly. Please provide the text or details from the image, and I'll assist you accordingly.","3/4,1/4,3/4,3/4,2/4,1/2,5/35,7/21,30/5,30/5,3/4,1/15,1/3,4/9,1/8,32/23,103/170",0
What was the complete title of the book in which two James Beard Award winners recommended the restaurant where Ali Khan enjoyed a New Mexican staple in his cost-conscious TV show that started in 2015? Write the numbers in plain text if there are some in the title.,,"""Five Hundred Things To Eat Before It's Too Late: and the Very Best Places to Eat Them""",Five Hundred Things To Eat Before It's Too Late: and the Very Best Places to Eat Them,1
What is the final numeric output from the attached Python code?,/home/santiagoal/.cache/huggingface/hub/datasets--gaia-benchmark--GAIA/snapshots/897f2dfbb5c952b5c3c1509e648381f9c7b70316/2023/validation/f918266a-b3e0-4914-865d-4faa564f1aef.py,"I currently don't have the capability to access or read files directly from a file path. Please provide the content of the Python code here, and I can help determine the final numeric output.",0,0
