task_id,answer
5d0080cb-90d7-4712-bc33-848150e917d3,"It seems there is an issue with accessing the webpage directly. You can try visiting the [University of Leicester's journal page](https://journals.le.ac.uk/ojs1/index.php/jist/article/view/2983) to find the paper ""Can Hiccup Supply Enough Fish to Maintain a Dragon’s Diet?"" and check the volume of the fish bag mentioned in the paper. If you have any other questions or need further assistance, feel free to ask!"
46719c30-f4c3-4cad-be07-d5cb21eee6bb,"It seems there's an issue with accessing external websites directly. However, you can manually search for the paper ""Pie Menus or Linear Menus, Which Is Better?"" on Google Scholar or a similar academic database. Once you find the paper, you can check the list of authors and then search for their previous works to identify the first paper authored by the one with prior publications. If you need further assistance with this process, feel free to ask!"
b816bfce-3d80-4913-a07d-69b752ce6377,"It seems I can't access external websites directly to retrieve the information. However, I can guide you on how to find this information:

1. **Journal Name**: The journal named for one of Hreidmar's sons is likely ""Fafnir – Nordic Journal of Science Fiction and Fantasy Research,"" as Fafnir is a son of Hreidmar in Norse mythology.

2. **Finding the Article**:
   - Visit a database like JSTOR or your institution's library portal.
   - Search for Emily Midkiff's article from June 2014 in ""Fafnir.""

3. **Reading the Article**:
   - Once you have access to the article, look for sections where Midkiff discusses dragon depictions.
   - Pay attention to any quotes from other authors that express distaste for how dragons are depicted.

If you have access to JSTOR or another academic database, you should be able to find the article and the specific word you're looking for. If you need further assistance, feel free to ask!"
b415aba4-4b68-4fc6-9b89-2c812e55a3e1,"It seems I'm unable to access external websites directly at the moment. However, you can visit the [Nature Scientific Reports conference proceedings for 2012](https://www.nature.com/srep/conference-proceedings/2012) and search for the article that does not mention plasmons or plasmonics. Look for the specific nano-compound studied in that article. If you have any other questions or need further assistance, feel free to ask!"
935e2cff-ae78-4218-b3f5-115589b19dae,"It seems that I'm unable to navigate to the webpage directly. However, you can find the information you're looking for by visiting the Legume Wikipedia page and checking the public logs for content violations. The three core policies often referred to in Wikipedia content violations are ""Neutral point of view,"" ""Verifiability,"" and ""No original research."" The ""R"" in this context likely stands for ""No original research,"" but you should verify this by checking the specific logs on the Wikipedia page."
5188369a-3bbe-43d8-8b94-11558f909a08,"It seems there is an issue with accessing the Merriam-Webster website directly. You can visit [Merriam-Webster's Word of the Day Archive](https://www.merriam-webster.com/word-of-the-day/calendar) and navigate to June 27, 2022, to find the writer quoted for that day's word."
7673d772-ef80-4f0f-a602-1bf4485c9b43,"It seems there is an issue with navigating to the website directly. However, I can guide you on how to find the information you need:

1. **Visit the Cornell Law School's Legal Information Institute website**: Go to [https://www.law.cornell.edu/](https://www.law.cornell.edu/).

2. **Access the Federal Rules**: Look for a section or link related to ""Federal Rules"" on the homepage or use the search function.

3. **Find the Fifth Section Alphabetically**: Once you are in the Federal Rules section, identify the fifth section alphabetically. This could be something like ""Federal Rules of Civil Procedure"" or similar.

4. **Locate Articles with ""Witnesses"" in the Title**: Within the identified section, look for articles or rules that have ""witnesses"" in their titles.

5. **Check the First Rule for Amendments**: Open the first rule in the article with the most titles containing ""witnesses"" and look for any amendment notes. These notes often indicate what changes were made, including any words that were deleted.

If you follow these steps, you should be able to find the information you are looking for. If you need further assistance, please let me know!"
c365c1c7-a3db-4d5e-a9a1-66f56eae7865,"Honolulu, Norfolk"
7d4a7d1d-cac6-44a8-96e8-ea9584a70825,"I am unable to access the Girls Who Code website directly at the moment. However, you can visit their website and look for statistics or reports related to the percentage of women in computer science. If you have any other questions or need further assistance, feel free to ask!"
3f57289b-8c60-48be-bd80-01f8099ca449,"The New York Yankee with the most walks in the 1977 regular season was Reggie Jackson, who had 86 walks. During that same season, Reggie Jackson had 582 at-bats."
23dd907f-1261-4488-b21c-e9185af91d5e,"It seems there is an issue with accessing the webpage directly. However, you can visit the [Poetry Foundation's website](https://www.poetryfoundation.org/poems/42576/father-son-and-holy-ghost) and search for Audre Lorde's poem ""Father Son and Holy Ghost"" to find the stanza with indented lines. If you have any other questions or need further assistance, feel free to ask!"
840bfca7-4f7b-481a-8794-c560c340185d,"It seems there is an issue with navigating to the Universe Today website. Unfortunately, I can't directly access the web to retrieve the article and the linked paper. However, you can visit the Universe Today website and search for the article by Carolyn Collins Petersen published on June 6, 2023. At the bottom of the article, you should find a link to the paper. Once you access the paper, you can look for the NASA award number associated with R. G. Arendt's work in the acknowledgments or funding section of the paper."
a0068077-79f4-461a-adfe-75c1a4148545,"It seems there is an issue with accessing the website directly. You can visit [ClinicalTrials.gov](https://clinicaltrials.gov) and search for the clinical trial on H. pylori in acne vulgaris patients to find the actual enrollment count for the period of January to May 2018. If you need further assistance with navigating the site or specific search tips, feel free to ask!"
a0c07678-e491-4bbc-8f0b-07405144218f,"It seems I'm unable to access the website directly to find the information. However, you can visit the [official NPB website](https://npb.jp/bis/eng/teams/index_d.html) and navigate to the team roster for the Orix Buffaloes to find Taishō Tamai's number. From there, you can identify the pitchers with the numbers immediately before and after his. If you need further assistance, feel free to ask!"
